Time,Cars,Motorcycles,Buses,Trucks,Total,Traffic
13:34:27,0,0,0,0,0,LOW
13:34:28,0,0,0,0,0,LOW
13:34:28,0,0,0,0,0,LOW
13:34:28,0,0,0,0,0,LOW
13:34:28,0,0,0,0,0,LOW
13:34:28,0,0,0,0,0,LOW
13:34:28,0,0,0,0,0,LOW
13:34:28,0,0,0,0,0,LOW
13:34:28,0,0,0,0,0,LOW
13:34:28,0,0,0,0,0,LOW
13:34:28,0,0,0,0,0,LOW
13:34:28,0,0,0,0,0,LOW
13:34:28,0,0,0,0,0,LOW
13:34:28,0,0,0,0,0,LOW
13:34:28,0,0,0,0,0,LOW
13:34:28,0,0,0,0,0,LOW
13:34:28,0,0,0,0,0,LOW
13:34:29,0,0,0,0,0,LOW
13:34:29,0,0,0,0,0,LOW
13:34:29,0,0,0,0,0,LOW
13:34:29,0,0,0,0,0,LOW
13:34:29,0,0,0,0,0,LOW
13:34:29,0,0,0,0,0,LOW
13:34:29,0,0,0,0,0,LOW
13:34:29,0,0,0,0,0,LOW
13:34:29,0,0,0,0,0,LOW
13:34:29,0,0,0,0,0,LOW
13:34:29,0,0,0,0,0,LOW
13:34:29,0,0,0,0,0,LOW
13:34:29,0,0,0,0,0,LOW
13:34:29,0,0,0,0,0,LOW
13:34:29,0,0,0,0,0,LOW
13:34:30,0,0,0,0,0,LOW
13:34:30,0,0,0,0,0,LOW
13:34:30,0,0,0,0,0,LOW
13:34:30,0,0,0,0,0,LOW
13:34:30,0,0,0,0,0,LOW
13:34:30,0,0,0,0,0,LOW
13:34:30,0,0,0,0,0,LOW
13:34:30,0,0,0,0,0,LOW
13:34:30,0,0,0,0,0,LOW
13:34:30,0,0,0,0,0,LOW
13:34:30,0,0,0,0,0,LOW
13:34:30,0,0,0,0,0,LOW
13:34:30,0,0,0,0,0,LOW
13:34:30,0,0,0,0,0,LOW
13:34:30,0,0,0,0,0,LOW
13:34:30,0,0,0,0,0,LOW
13:34:31,0,0,0,0,0,LOW
13:34:31,0,0,0,0,0,LOW
13:34:31,0,0,0,0,0,LOW
13:34:31,0,0,0,0,0,LOW
13:34:31,0,0,0,0,0,LOW
13:34:31,0,0,0,0,0,LOW
13:34:31,0,0,0,0,0,LOW
13:34:31,0,0,0,0,0,LOW
13:34:31,0,0,0,0,0,LOW
13:34:31,0,0,0,0,0,LOW
13:34:31,0,0,0,0,0,LOW
13:34:31,0,0,0,0,0,LOW
13:34:31,0,0,0,0,0,LOW
13:34:31,0,0,0,0,0,LOW
13:34:31,0,0,0,0,0,LOW
13:34:31,0,0,0,0,0,LOW
13:34:32,0,0,0,0,0,LOW
13:34:32,0,0,0,0,0,LOW
13:34:32,0,0,0,0,0,LOW
13:34:32,0,0,0,0,0,LOW
13:34:32,0,0,0,0,0,LOW
13:34:32,0,0,0,0,0,LOW
13:34:32,0,0,0,0,0,LOW
13:34:32,0,0,0,0,0,LOW
13:34:32,0,0,0,0,0,LOW
13:34:32,0,0,0,0,0,LOW
13:34:32,0,0,0,0,0,LOW
13:34:32,0,0,0,0,0,LOW
13:34:32,0,0,0,0,0,LOW
13:34:32,0,0,0,0,0,LOW
13:34:32,0,0,0,0,0,LOW
13:34:32,0,0,0,0,0,LOW
13:34:33,0,0,0,0,0,LOW
13:34:33,0,0,0,0,0,LOW
13:34:33,0,0,0,0,0,LOW
13:34:33,0,0,0,0,0,LOW
13:34:33,0,0,0,0,0,LOW
13:34:33,0,0,0,0,0,LOW
13:34:33,0,0,0,0,0,LOW
13:34:33,0,0,0,0,0,LOW
13:43:52,0,0,0,0,0,LOW
13:43:53,0,0,0,0,0,LOW
13:43:54,0,0,0,0,0,LOW
13:43:55,2,0,1,0,3,LOW
13:43:56,4,0,1,0,5,LOW
13:43:57,1,0,1,0,2,LOW
13:43:58,2,0,1,0,3,LOW
13:43:59,0,0,0,1,1,LOW
13:44:00,0,0,0,0,0,LOW
13:44:01,0,0,0,0,0,LOW
13:44:02,0,0,0,0,0,LOW
13:44:03,0,0,0,0,0,LOW
13:44:04,0,0,0,0,0,LOW
13:44:05,0,0,0,0,0,LOW
13:44:06,1,0,0,0,1,LOW
