Time,Cars,Motorcycles,Buses,Trucks,Total
13:55:44,0,0,0,0,0
13:55:45,0,0,0,0,0
13:55:46,0,0,0,0,0
13:55:47,0,0,0,0,0
13:55:48,0,0,0,0,0
13:55:49,0,0,0,0,0
13:55:50,0,0,0,0,0
13:55:51,0,0,0,0,0
13:55:52,0,0,0,0,0
13:55:53,0,0,0,0,0
13:55:54,0,0,0,0,0
13:55:55,0,0,0,0,0
13:55:56,1,0,0,0,1
13:55:57,1,0,1,0,2
13:55:58,1,0,1,0,2
13:55:59,1,0,1,0,2
13:56:01,1,0,1,0,2
13:56:02,1,0,1,0,2
13:56:03,1,0,1,0,2
13:56:04,1,0,1,0,2
13:56:05,1,0,1,0,2
13:56:06,1,0,1,0,2
13:56:07,1,0,1,0,2
13:56:08,1,0,1,0,2
13:56:09,1,0,1,0,2
13:56:10,1,0,1,0,2
13:56:11,1,0,1,0,2
13:56:12,1,0,1,0,2
13:56:13,1,0,1,0,2
13:56:14,1,0,1,0,2
13:56:38,0,0,0,0,0
13:56:39,0,0,0,0,0
13:56:40,0,0,0,0,0
13:56:41,2,0,0,0,2
13:56:42,6,0,0,0,6
13:56:43,9,0,0,0,9
13:56:44,9,0,0,0,9
13:56:45,9,0,0,0,9
13:56:46,9,0,0,0,9
13:56:47,9,0,0,0,9
13:56:48,9,0,0,0,9
13:56:49,9,0,0,0,9
13:56:50,10,0,0,0,10
13:56:51,11,0,0,0,11
